Total_Profit,InputCost,MillCost,StoreCost,TransportCost,FixedCost,LaborCost
49790698.03829655,2192.5926,3990000.0,632500.0,3457556.6465499997,38500000.0,1569.9332024499997
